Depot Liquor,1001 Vine St, Brownwood, TX 76801
D and D Liquor Store,1507 W Front St, Goldthwaite, TX 76844
FILO'S Liqours,4301 Rio Mesa Dr, Abilene, TX 79606
Hootin Holler Package,759 Gun Barrel Ln, Gun Barrel City, TX 75156
Longhorn Wine & Spirits,2500 S Hwy 183 Suite 610, Austin, TX 78744
Lone Star Spirits,3283 South 14th Street, 2990 Pine St, Abilene, TX 79605
On The Rocks Liquor,808 TX-16, San Saba, TX 76877
Papi's Liquor,413 W 12th St, Monahans, TX 79756
Total Wine & More,11066 Pecan Park Blvd Suite 117, Cedar Park, TX 78613
Total Wine & More,9350 N Central Expy, Dallas, TX 75231
Total Wine & More,5016 San Felipe St, Houston, TX 77056
